school,sex,mean_G3_pandas,mean_G3_sql,abs_diff
GP,F,9.972677595628415,9.972677595628415,0.0
GP,M,11.060240963855422,11.060240963855422,0.0
MS,F,9.92,9.92,0.0
MS,M,9.761904761904763,9.761904761904763,0.0
